id,agoda_geo_id,geo_type,parent_geo_id,parent_type,parent_name,name,country_code,tvlk_geo_id,tvlk_parent_id,geo_type,name,parent_name,parent_type
54671,4682,CITY,106,COUNTRY,Thailand,Trang,TH,10000178,10000007,REGION,Trang,Thailand,COUNTRY
,,,,,,,,10005404,10000434,CITY,Trang,Mayo District,CITY
54676,9312,CITY,106,COUNTRY,Thailand,Hat Yai,TH,10000127,10000952,CITY,Hat Yai,Songkhla,REGION
,,,,,,,,10005399,10000195,CITY,Hat Yai,Lang Suan District,CITY
54701,17383,CITY,106,COUNTRY,Thailand,Chumphon,TH,10000170,10000007,REGION,Chumphon,Thailand,COUNTRY
,,,,,,,,10005604,10002304,CITY,Chumphon,Sathing Phra District,CITY
,,,,,,,,10005605,10000629,CITY,Chumphon,Phon Phisai District,CITY
,,,,,,,,10005606,10000555,CITY,Chumphon,Srinagarindra District,CITY
,,,,,,,,10005607,10001123,CITY,Chumphon,Moei Wadi District,CITY
54711,17788,CITY,106,COUNTRY,Thailand,Kalasin,TH,10000173,10000174,CITY,Kalasin,Mueang Kalasin District,CITY
,,,,,,,,10000614,10000007,REGION,Kalasin,Thailand,COUNTRY
54728,21253,CITY,106,COUNTRY,Thailand,Lamphun,TH,10000194,10000007,REGION,Lamphun,Thailand,COUNTRY
,,,,,,,,10000570,10000237,CITY,Lamphun,Ban Na San District,CITY
54752,127901,CITY,106,COUNTRY,Thailand,Yala,TH,10000089,10000090,CITY,Yala,Mueang Yala District,CITY
,,,,,,,,10000091,10000007,REGION,Yala,Thailand,COUNTRY
54753,204080,CITY,106,COUNTRY,Thailand,Ang Thong,TH,10000112,10000007,REGION,Ang Thong,Thailand,COUNTRY
,,,,,,,,10005733,10000555,CITY,Ang Thong,Srinagarindra District,CITY
,,,,,,,,10005736,10001015,CITY,Ang Thong,Banphot Phisai District,CITY
54787,214227,CITY,106,COUNTRY,Thailand,Nong Prue,TH,10006927,10004706,CITY,Nong Prue,Ratsada District,CITY
,,,,,,,,10006929,10003331,CITY,Nong Prue,Nong Prue District,CITY
54793,214542,CITY,106,COUNTRY,Thailand,Samut Sakhon,TH,10000096,10000097,CITY,Samut Sakhon,Mueang Samut Sakhon District,CITY
,,,,,,,,10000098,10000007,REGION,Samut Sakhon,Thailand,COUNTRY
54804,512735,CITY,106,COUNTRY,Thailand,Sa Kaeo,TH,10000114,10000007,REGION,Sa Kaeo,Thailand,COUNTRY
,,,,,,,,10005460,10001920,CITY,Sa Kaeo,Bueng Sam Phan District,CITY
,,,,,,,,10005462,10000664,CITY,Sa Kaeo,Lat Yao District,CITY
,,,,,,,,10005466,10003043,CITY,Sa Kaeo,Nong Hong District,CITY
54805,513148,CITY,106,COUNTRY,Thailand,Bueng Kan,TH,10001427,10001424,CITY,Bueng Kan,Mueang Bueng Kan District,CITY
,,,,,,,,10011063,10000007,REGION,Bueng Kan,Thailand,COUNTRY
56721,512948,CITY,192,COUNTRY,Indonesia,Puncak,ID,102716,102361,CITY,Puncak,Papua,REGION
,,,,,,,,107816,103831,CITY,Puncak,Jawa Barat,REGION
56944,170423,CITY,70,COUNTRY,Philippines,Dolores,PH,10009735,10008094,CITY,Dolores,Quezon Province,REGION
,,,,,,,,10009736,10008626,CITY,Dolores,Abra,REGION
,,,,,,,,10009737,10009121,CITY,Dolores,Eastern Samar,REGION
56962,177222,CITY,70,COUNTRY,Philippines,Naguilian,PH,10009472,10008032,CITY,Naguilian,La Union,REGION
,,,,,,,,10009473,10008228,CITY,Naguilian,Isabela,REGION
56974,179970,CITY,70,COUNTRY,Philippines,Socorro,PH,10009726,10008856,CITY,Socorro,Oriental Mindoro,REGION
,,,,,,,,10009727,30015100,CITY,Socorro,Siargao Islands,CITY
56975,180065,CITY,70,COUNTRY,Philippines,San Antonio,PH,10009474,10008094,CITY,San Antonio,Quezon Province,REGION
,,,,,,,,10009475,10008144,CITY,San Antonio,Nueva Ecija,REGION
,,,,,,,,10009476,10008716,CITY,San Antonio,Zambales (Subic),REGION
56980,180422,CITY,70,COUNTRY,Philippines,Santiago,PH,10009724,10008773,CITY,Santiago,Ilocos Sur,REGION
,,,,,,,,10009725,10008949,CITY,Santiago,Agusan del Norte,REGION
56985,182050,CITY,70,COUNTRY,Philippines,Taytay,PH,10009615,10008272,CITY,Taytay,Palawan,REGION
,,,,,,,,10009616,10009143,CITY,Taytay,Rizal,REGION
56998,513157,CITY,70,COUNTRY,Philippines,Bontoc,PH,10009583,10008246,CITY,Bontoc,Southern Leyte,REGION
,,,,,,,,10009584,10008378,CITY,Bontoc,Mountain Province,REGION
57006,514513,CITY,70,COUNTRY,Philippines,Infanta,PH,10009487,10008094,CITY,Infanta,Quezon Province,REGION
,,,,,,,,10009488,10008462,CITY,Infanta,Pangasinan,REGION
57032,701596,CITY,70,COUNTRY,Philippines,San Mateo,PH,10009613,10008228,CITY,San Mateo,Isabela,REGION
,,,,,,,,10009614,10009143,CITY,San Mateo,Rizal,REGION
57058,702263,CITY,70,COUNTRY,Philippines,Malitbog,PH,10009592,10008246,CITY,Malitbog,Southern Leyte,REGION
,,,,,,,,10009593,10008797,CITY,Malitbog,Bukidnon,REGION
57059,702264,CITY,70,COUNTRY,Philippines,Sogod,PH,10009602,10008246,CITY,Sogod,Southern Leyte,REGION
,,,,,,,,10009603,10008473,CITY,Sogod,Cebu,REGION
57063,702288,CITY,70,COUNTRY,Philippines,Catarman,PH,10009518,10008053,CITY,Catarman,Northern Samar,REGION
,,,,,,,,10009519,10009037,CITY,Catarman,Camiguin,REGION
57094,709705,CITY,70,COUNTRY,Philippines,Clarin,PH,10009744,10009203,CITY,Clarin,Misamis Occidental,REGION
,,,,,,,,10009745,10009214,CITY,Clarin,Bohol,REGION
57105,711947,CITY,70,COUNTRY,Philippines,Alegria,PH,10008505,10008473,CITY,Alegria,Cebu,REGION
,,,,,,,,10009322,10009320,CITY,Alegria,Surigao del Norte,REGION
57109,712008,CITY,70,COUNTRY,Philippines,Anda,PH,10009668,10008462,CITY,Anda,Pangasinan,REGION
,,,,,,,,10009669,10009214,CITY,Anda,Bohol,REGION
57115,713012,CITY,70,COUNTRY,Philippines,Santa Fe,PH,10009571,10008190,CITY,Santa Fe,Romblon,REGION
,,,,,,,,10009572,10008611,CITY,Santa Fe,Leyte,REGION
,,,,,,,,10009573,10008516,CITY,Santa Fe,Nueva Vizcaya,REGION
,,,,,,,,10009574,10008532,CITY,Santa Fe,Bantayan Island,CITY
57119,713207,CITY,70,COUNTRY,Philippines,San Francisco,PH,10009597,10008246,CITY,San Francisco,Southern Leyte,REGION
,,,,,,,,10009598,10009320,CITY,San Francisco,Surigao del Norte,REGION
,,,,,,,,10009599,10008094,CITY,San Francisco,Quezon Province,REGION
,,,,,,,,10009600,30015126,CITY,San Francisco,Pacijan Island,CITY
,,,,,,,,10009601,10008368,CITY,San Francisco,Agusan del Sur,REGION
57122,717267,CITY,70,COUNTRY,Philippines,Plaridel,PH,10009674,10008065,CITY,Plaridel,Bulacan,REGION
,,,,,,,,10009675,10009203,CITY,Plaridel,Misamis Occidental,REGION
,,,,,,,,10009676,10008094,CITY,Plaridel,Quezon Province,REGION
57141,720426,CITY,70,COUNTRY,Philippines,Santa Maria,PH,10009501,10008020,CITY,Santa Maria,Laguna,REGION
,,,,,,,,10009502,10008773,CITY,Santa Maria,Ilocos Sur,REGION
,,,,,,,,10009503,10008065,CITY,Santa Maria,Bulacan,REGION
,,,,,,,,10009504,10008228,CITY,Santa Maria,Isabela,REGION
,,,,,,,,10009505,10008190,CITY,Santa Maria,Romblon,REGION
60064,14524,CITY,198,COUNTRY,Malaysia,Kuala Lumpur,MY,107979,30012270,CITY,Kuala Lumpur,Kuala Lumpur,REGION
,,,,,,,,30012270,108416,REGION,Kuala Lumpur,Malaysia,COUNTRY
